{
  "data_min_": [
    -0.019211232662200928,
    -0.03575228527188301,
    -2.6068262286571553e-06,
    0.0,
    -0.003118172287940979,
    -0.3422102630138397,
    0.0,
    0.0,
    -0.5664111375808716,
    0.0,
    0.0,
    -0.713331937789917,
    -0.008041925728321075,
    0.0,
    -0.8369686007499695,
    0.0,
    0.0,
    -0.6997500658035278,
    -0.024727247655391693,
    -0.01510763168334961,
    -0.9171938300132751,
    -0.06514433026313782,
    -0.014169171452522278,
    -1.0383700132369995,
    -0.08517548441886902,
    -0.032966434955596924,
    -1.117233157157898,
    0.0,
    0.0,
    -0.6359477043151855,
    -0.01490785926580429,
    -0.027337342500686646,
    -0.9144426584243774,
    -0.021489448845386505,
    0.0,
    -1.0452518463134766,
    -0.012386545538902283,
    -0.03257390856742859,
    -1.1496193408966064,
    -0.0007442459464073181,
    0.0,
    -0.5961223244667053,
    -0.003370039165019989,
    -0.02090241014957428,
    -0.8227370381355286,
    0.0,
    0.0,
    -0.9217141270637512,
    -0.027058511972427368,
    -0.023573189973831177,
    -0.9844104051589966,
    -0.051164284348487854,
    -0.02846214920282364,
    -0.5697488784790039,
    -0.07663130760192871,
    -0.03435672074556351,
    -0.7305552959442139,
    -0.05855734646320343,
    -0.010715939104557037,
    -0.7986435890197754,
    -0.061997801065444946,
    -0.01789011061191559,
    -0.868127167224884
  ],
  "data_max_": [
    1.0991655588150024,
    1.1525254249572754,
    3.973434559156885e-06,
    1.05325448513031,
    1.0832825899124146,
    0.2065814882516861,
    1.0219686031341553,
    0.983473002910614,
    0.3502311706542969,
    1.0402363538742065,
    1.0406348705291748,
    0.4429899752140045,
    1.0827529430389404,
    1.0920283794403076,
    0.5347704291343689,
    1.0092346668243408,
    1.0100147724151611,
    0.46472087502479553,
    1.0453122854232788,
    1.0714555978775024,
    0.5774343013763428,
    1.076117753982544,
    1.1506478786468506,
    0.611677885055542,
    1.0987865924835205,
    1.2439392805099487,
    0.6305407881736755,
    1.015485405921936,
    1.0185108184814453,
    0.3768186569213867,
    1.052184820175171,
    1.102443814277649,
    0.4999379813671112,
    1.0810714960098267,
    1.1905579566955566,
    0.5081069469451904,
    1.1061115264892578,
    1.2909867763519287,
    0.501372754573822,
    1.018502116203308,
    1.045018196105957,
    0.28097835183143616,
    1.052495002746582,
    1.1024287939071655,
    0.38388630747795105,
    1.0796031951904297,
    1.1910532712936401,
    0.3870844841003418,
    1.104987382888794,
    1.3006466627120972,
    0.3736948072910309,
    1.056118130683899,
    1.0468536615371704,
    0.2366439700126648,
    1.0493297576904297,
    1.1060636043548584,
    0.3114429712295532,
    1.0731797218322754,
    1.157736897468567,
    0.33704420924186707,
    1.095234751701355,
    1.2266905307769775,
    0.3447703719139099
  ],
  "data_range_": [
    1.1183767914772034,
    1.1882777102291584,
    6.580260787814041e-06,
    1.05325448513031,
    1.0864007622003555,
    0.5487917512655258,
    1.0219686031341553,
    0.983473002910614,
    0.9166423082351685,
    1.0402363538742065,
    1.0406348705291748,
    1.1563219130039215,
    1.0907948687672615,
    1.0920283794403076,
    1.3717390298843384,
    1.0092346668243408,
    1.0100147724151611,
    1.1644709408283234,
    1.0700395330786705,
    1.086563229560852,
    1.494628131389618,
    1.1412620842456818,
    1.1648170500993729,
    1.6500478982925415,
    1.1839620769023895,
    1.2769057154655457,
    1.7477739453315735,
    1.015485405921936,
    1.0185108184814453,
    1.0127663612365723,
    1.0670926794409752,
    1.1297811567783356,
    1.4143806397914886,
    1.1025609448552132,
    1.1905579566955566,
    1.553358793258667,
    1.11849807202816,
    1.3235606849193573,
    1.6509920954704285,
    1.0192463621497154,
    1.045018196105957,
    0.8771006762981415,
    1.055865041911602,
    1.1233312040567398,
    1.2066233456134796,
    1.0796031951904297,
    1.1910532712936401,
    1.308798611164093,
    1.1320458948612213,
    1.3242198526859283,
    1.3581052124500275,
    1.1072824150323868,
    1.075315810739994,
    0.8063928484916687,
    1.1259610652923584,
    1.140420325100422,
    1.041998267173767,
    1.1317370682954788,
    1.168452836573124,
    1.1356877982616425,
    1.1572325527668,
    1.2445806413888931,
    1.212897539138794
  ],
  "scale_": [
    0.8941530328782611,
    0.841554117687818,
    151969.66081525158,
    0.9494381596450345,
    0.9204706355089786,
    1.8221848227382755,
    0.9785036418273689,
    1.0168047287932398,
    1.0909380802259956,
    0.9613199887464496,
    0.9609518461470434,
    0.8648110779135677,
    0.9167626550445077,
    0.9157271173781449,
    0.7290016382229187,
    0.99084983192918,
    0.9900845287725707,
    0.8587590852964264,
    0.9345449108060935,
    0.9203330029897684,
    0.6690627447713422,
    0.8762229235548037,
    0.8585039169152684,
    0.6060430130754345,
    0.8446216475246479,
    0.7831431779874296,
    0.5721563722076702,
    0.984750735134517,
    0.9818256044554892,
    0.9873945643090034,
    0.937125724190964,
    0.8851271717538489,
    0.7070232523455796,
    0.9069793417463364,
    0.8399423097179929,
    0.6437662723768924,
    0.8940560784219423,
    0.7555377032530463,
    0.605696418985618,
    0.9811170656433618,
    0.9569211366139767,
    1.140119973707651,
    0.9470907363213195,
    0.8902094025240749,
    0.8287590353985512,
    0.9262662471313003,
    0.839593009063204,
    0.7640594904899568,
    0.8833564120848573,
    0.7551616130597121,
    0.7363199778874243,
    0.9031119671224537,
    0.9299593570672374,
    1.240090362743751,
    0.888130176810641,
    0.8768696751453838,
    0.9596944942262909,
    0.8835974609421521,
    0.8558325750937729,
    0.8805236804786183,
    0.8641305480122587,
    0.8034834921456333,
    0.8244719506233315
  ],
  "min_": [
    0.017177781950236868,
    0.030087482887302675,
    0.39615849777332934,
    0.0,
    0.0028701860275075187,
    0.6235703474490922,
    0.0,
    0.0,
    0.6179194790510983,
    0.0,
    0.0,
    0.6168973620302721,
    0.007372537182366365,
    0.0,
    0.6101514810878718,
    0.0,
    0.0,
    0.6009167264455517,
    0.023108723454588215,
    0.013904052035200516,
    0.6136602213960217,
    0.05708095551618629,
    0.012164289191434379,
    0.62929689150933,
    0.07194105797857513,
    0.025817438638042062,
    0.6392320701095848,
    0.0,
    0.0,
    0.6279313064256036,
    0.013970538410603818,
    0.02419702465089906,
    0.6465322224427412,
    0.01949048616828022,
    0.0,
    0.6728978847962913,
    0.01107426632970578,
    0.024610816065009724,
    0.6963203179776809,
    0.0007301923990561146,
    0.0,
    0.6796509688975239,
    0.003191732874230466,
    0.018607522050565678,
    0.6818507541118617,
    0.0,
    0.0,
    0.704244426301725,
    0.023902310052318593,
    0.017801568165601384,
    0.7248410477588227,
    0.046207077484375435,
    0.026468641973409656,
    0.7065400933858732,
    0.06805857676973157,
    0.03012636655922294,
    0.7011098952455206,
    0.05174112265439646,
    0.009171049758401108,
    0.7032245923943456,
    0.05357419381023794,
    0.014374408549333589,
    0.7157464989510072
  ]
}